Protein ;Center
A0A7D6J3B8;2,-2,-4
A0A024E2S3;-4,-2,-7
A2D7F8;6,-6,0
A2D8E9;///
A2D8M2;-5,0,4
A2D905;///
A2D908;-28,3,32
A2DDT3;///
A2DEG6;10,-3,-6
A2DF37;///
A2DJA1;-4,5,7
A2DJK9;///
A2DM16;1,0,-8
A2DMU5;-1,-4,-2
A2DMX1;3,2,-15
A2DN93;-6,1,9
A2DQE1;0,-1,-4
A2DVE6;14,-7,-3
A2DXE8;-8,4,-1
A2DXH8;-1,2,-7
A2E4S8;0,0,1
A2E5K9;10.6,11.8,-6
"A2E7Y7
";5, -1.6,3.5
A2EAA2;-2,7,5
A2ECU9;7, 0.1, 1.9
A2EF78;1.2, -9,-5.6
A2EFA7;7.6, -7.7, -2.8
A2EG78;///
A2EGA1;///
A2EGQ3;9.8,6.1,-7
A2ELF7;///
A2EQ50;-2.7,7,-4.3
A2EQG5;///
A2ESN8;-1,6,5
A2EST3;3,-8,1.1
A2ETI5;///
A2EVN6;12.5,4.1,-9
A2EVN9;12.5,-5.6,-15.5
A2EXH2;0.7,-6,-0.1
"A2F0C3
";-4,-3.5,-4.7
A2F2A3;6.6,-1.8,-2.5
A2F2J3;///
A2F3X6;-1.1, 7, -6
A2F4W6;///
A2F5C5;-4,3,-9
A2F007;///
A2F7I7;4.3,1-11, -0.3
A2FAI4;6,1,-2
A2FB51;2,0,-3
A2FCQ2;-4.3,7,9.8
A2FE15;-8, 0, 11
A2FEZ1;3,1,-2
A2FG01;///
A2FGC5;6.8,-3.2,-3.4
A2FJH1;-10.8,3.4,4.8
A2FNB1;///
A2FNV4;6.9,1.9,0
A2FP34;///
A2FPZ7;0,6,10
A2FXA0;6.7,1.4,0.4
A2FYV2;1,5.6,-0,6
A2G3Y9;-12.7,7.4,-3
A2G151;6.4,6.9,5
A2G673;4,4,-3
A2GIP8;-0.8,-2.3,-4.3